INSERT INTO cinema (name) VALUES ('Royal Cinema');

INSERT INTO screening (screening_date, screening_time, movie_title, duration_time_in_minutes, cinema_id) VALUES ('2020-04-01', '15:00:00', 'Parasite', 132, 1);
INSERT INTO screening (screening_date, screening_time, movie_title, duration_time_in_minutes, cinema_id) VALUES ('2020-04-01', '18:00:00', 'Joker', 122, 1);
INSERT INTO screening (screening_date, screening_time, movie_title, duration_time_in_minutes, cinema_id) VALUES ('2020-04-01', '20:30:00', 'Ad Astra', 124, 1);
INSERT INTO screening (screening_date, screening_time, movie_title, duration_time_in_minutes, cinema_id) VALUES ('2020-04-02', '15:30:00', 'Green Book', 130, 1);
INSERT INTO screening (screening_date, screening_time, movie_title, duration_time_in_minutes, cinema_id) VALUES ('2020-04-02', '16:30:00', 'Once Upon a Time... in Hollywood', 161, 1);
INSERT INTO screening (screening_date, screening_time, movie_title, duration_time_in_minutes, cinema_id) VALUES ('2020-04-02', '21:00:00', 'Contagion', 105, 1);

INSERT INTO room (number, name) VALUES (1, 'Toronto');
INSERT INTO room (number, name) VALUES (2, 'Ontario');
INSERT INTO room (number, name) VALUES (3, 'Canada');

INSERT INTO screening_room (screening_id, room_id) VALUES (1, 1);
INSERT INTO screening_room (screening_id, room_id) VALUES (2, 1);
INSERT INTO screening_room (screening_id, room_id) VALUES (3, 2);
INSERT INTO screening_room (screening_id, room_id) VALUES (4, 2);
INSERT INTO screening_room (screening_id, room_id) VALUES (5, 3);
INSERT INTO screening_room (screening_id, room_id) VALUES (6, 3);

INSERT INTO row (row_index, number_of_seats, room_id) VALUES (1, 10, 1);
INSERT INTO row (row_index, number_of_seats, room_id) VALUES (2, 15, 1);
INSERT INTO row (row_index, number_of_seats, room_id) VALUES (3, 20, 1);

INSERT INTO row (row_index, number_of_seats, room_id) VALUES (1, 10, 2);
INSERT INTO row (row_index, number_of_seats, room_id) VALUES (2, 15, 2);
INSERT INTO row (row_index, number_of_seats, room_id) VALUES (3, 20, 2);

INSERT INTO row (row_index, number_of_seats, room_id) VALUES (1, 10, 3);
INSERT INTO row (row_index, number_of_seats, room_id) VALUES (2, 15, 3);
INSERT INTO row (row_index, number_of_seats, room_id) VALUES (3, 20, 3);

INSERT INTO seat (number, row_id) VALUES (1, 1);
INSERT INTO seat (number, row_id) VALUES (2, 1);
INSERT INTO seat (number, row_id) VALUES (3, 1);
INSERT INTO seat (number, row_id) VALUES (4, 1);
INSERT INTO seat (number, row_id) VALUES (5, 1);
INSERT INTO seat (number, row_id) VALUES (6, 1);
INSERT INTO seat (number, row_id) VALUES (7, 1);
INSERT INTO seat (number, row_id) VALUES (8, 1);
INSERT INTO seat (number, row_id) VALUES (9, 1);
INSERT INTO seat (number, row_id) VALUES (10, 1);

INSERT INTO seat (number, row_id) VALUES (1, 2);
INSERT INTO seat (number, row_id) VALUES (2, 2);
INSERT INTO seat (number, row_id) VALUES (3, 2);
INSERT INTO seat (number, row_id) VALUES (4, 2);
INSERT INTO seat (number, row_id) VALUES (5, 2);
INSERT INTO seat (number, row_id) VALUES (6, 2);
INSERT INTO seat (number, row_id) VALUES (7, 2);
INSERT INTO seat (number, row_id) VALUES (8, 2);
INSERT INTO seat (number, row_id) VALUES (9, 2);
INSERT INTO seat (number, row_id) VALUES (10, 2);
INSERT INTO seat (number, row_id) VALUES (11, 2);
INSERT INTO seat (number, row_id) VALUES (12, 2);
INSERT INTO seat (number, row_id) VALUES (13, 2);
INSERT INTO seat (number, row_id) VALUES (14, 2);
INSERT INTO seat (number, row_id) VALUES (15, 2);

INSERT INTO seat (number, row_id) VALUES (1, 3);
INSERT INTO seat (number, row_id) VALUES (2, 3);
INSERT INTO seat (number, row_id) VALUES (3, 3);
INSERT INTO seat (number, row_id) VALUES (4, 3);
INSERT INTO seat (number, row_id) VALUES (5, 3);
INSERT INTO seat (number, row_id) VALUES (6, 3);
INSERT INTO seat (number, row_id) VALUES (7, 3);
INSERT INTO seat (number, row_id) VALUES (8, 3);
INSERT INTO seat (number, row_id) VALUES (9, 3);
INSERT INTO seat (number, row_id) VALUES (10, 3);
INSERT INTO seat (number, row_id) VALUES (11, 3);
INSERT INTO seat (number, row_id) VALUES (12, 3);
INSERT INTO seat (number, row_id) VALUES (13, 3);
INSERT INTO seat (number, row_id) VALUES (14, 3);
INSERT INTO seat (number, row_id) VALUES (15, 3);
INSERT INTO seat (number, row_id) VALUES (16, 3);
INSERT INTO seat (number, row_id) VALUES (17, 3);
INSERT INTO seat (number, row_id) VALUES (18, 3);
INSERT INTO seat (number, row_id) VALUES (19, 3);
INSERT INTO seat (number, row_id) VALUES (20, 3);

INSERT INTO seat (number, row_id) VALUES (1, 4);
INSERT INTO seat (number, row_id) VALUES (2, 4);
INSERT INTO seat (number, row_id) VALUES (3, 4);
INSERT INTO seat (number, row_id) VALUES (4, 4);
INSERT INTO seat (number, row_id) VALUES (5, 4);
INSERT INTO seat (number, row_id) VALUES (6, 4);
INSERT INTO seat (number, row_id) VALUES (7, 4);
INSERT INTO seat (number, row_id) VALUES (8, 4);
INSERT INTO seat (number, row_id) VALUES (9, 4);
INSERT INTO seat (number, row_id) VALUES (10, 4);

INSERT INTO seat (number, row_id) VALUES (1, 5);
INSERT INTO seat (number, row_id) VALUES (2, 5);
INSERT INTO seat (number, row_id) VALUES (3, 5);
INSERT INTO seat (number, row_id) VALUES (4, 5);
INSERT INTO seat (number, row_id) VALUES (5, 5);
INSERT INTO seat (number, row_id) VALUES (6, 5);
INSERT INTO seat (number, row_id) VALUES (7, 5);
INSERT INTO seat (number, row_id) VALUES (8, 5);
INSERT INTO seat (number, row_id) VALUES (9, 5);
INSERT INTO seat (number, row_id) VALUES (10, 5);
INSERT INTO seat (number, row_id) VALUES (11, 5);
INSERT INTO seat (number, row_id) VALUES (12, 5);
INSERT INTO seat (number, row_id) VALUES (13, 5);
INSERT INTO seat (number, row_id) VALUES (14, 5);
INSERT INTO seat (number, row_id) VALUES (15, 5);

INSERT INTO seat (number, row_id) VALUES (1, 6);
INSERT INTO seat (number, row_id) VALUES (2, 6);
INSERT INTO seat (number, row_id) VALUES (3, 6);
INSERT INTO seat (number, row_id) VALUES (4, 6);
INSERT INTO seat (number, row_id) VALUES (5, 6);
INSERT INTO seat (number, row_id) VALUES (6, 6);
INSERT INTO seat (number, row_id) VALUES (7, 6);
INSERT INTO seat (number, row_id) VALUES (8, 6);
INSERT INTO seat (number, row_id) VALUES (9, 6);
INSERT INTO seat (number, row_id) VALUES (10, 6);
INSERT INTO seat (number, row_id) VALUES (11, 6);
INSERT INTO seat (number, row_id) VALUES (12, 6);
INSERT INTO seat (number, row_id) VALUES (13, 6);
INSERT INTO seat (number, row_id) VALUES (14, 6);
INSERT INTO seat (number, row_id) VALUES (15, 6);
INSERT INTO seat (number, row_id) VALUES (16, 6);
INSERT INTO seat (number, row_id) VALUES (17, 6);
INSERT INTO seat (number, row_id) VALUES (18, 6);
INSERT INTO seat (number, row_id) VALUES (19, 6);
INSERT INTO seat (number, row_id) VALUES (20, 6);

INSERT INTO seat (number, row_id) VALUES (1, 7);
INSERT INTO seat (number, row_id) VALUES (2, 7);
INSERT INTO seat (number, row_id) VALUES (3, 7);
INSERT INTO seat (number, row_id) VALUES (4, 7);
INSERT INTO seat (number, row_id) VALUES (5, 7);
INSERT INTO seat (number, row_id) VALUES (6, 7);
INSERT INTO seat (number, row_id) VALUES (7, 7);
INSERT INTO seat (number, row_id) VALUES (8, 7);
INSERT INTO seat (number, row_id) VALUES (9, 7);
INSERT INTO seat (number, row_id) VALUES (10, 7);

INSERT INTO seat (number, row_id) VALUES (1, 8);
INSERT INTO seat (number, row_id) VALUES (2, 8);
INSERT INTO seat (number, row_id) VALUES (3, 8);
INSERT INTO seat (number, row_id) VALUES (4, 8);
INSERT INTO seat (number, row_id) VALUES (5, 8);
INSERT INTO seat (number, row_id) VALUES (6, 8);
INSERT INTO seat (number, row_id) VALUES (7, 8);
INSERT INTO seat (number, row_id) VALUES (8, 8);
INSERT INTO seat (number, row_id) VALUES (9, 8);
INSERT INTO seat (number, row_id) VALUES (10, 8);
INSERT INTO seat (number, row_id) VALUES (11, 8);
INSERT INTO seat (number, row_id) VALUES (12, 8);
INSERT INTO seat (number, row_id) VALUES (13, 8);
INSERT INTO seat (number, row_id) VALUES (14, 8);
INSERT INTO seat (number, row_id) VALUES (15, 8);

INSERT INTO seat (number, row_id) VALUES (1, 9);
INSERT INTO seat (number, row_id) VALUES (2, 9);
INSERT INTO seat (number, row_id) VALUES (3, 9);
INSERT INTO seat (number, row_id) VALUES (4, 9);
INSERT INTO seat (number, row_id) VALUES (5, 9);
INSERT INTO seat (number, row_id) VALUES (6, 9);
INSERT INTO seat (number, row_id) VALUES (7, 9);
INSERT INTO seat (number, row_id) VALUES (8, 9);
INSERT INTO seat (number, row_id) VALUES (9, 9);
INSERT INTO seat (number, row_id) VALUES (10, 9);
INSERT INTO seat (number, row_id) VALUES (11, 9);
INSERT INTO seat (number, row_id) VALUES (12, 9);
INSERT INTO seat (number, row_id) VALUES (13, 9);
INSERT INTO seat (number, row_id) VALUES (14, 9);
INSERT INTO seat (number, row_id) VALUES (15, 9);
INSERT INTO seat (number, row_id) VALUES (16, 9);
INSERT INTO seat (number, row_id) VALUES (17, 9);
INSERT INTO seat (number, row_id) VALUES (18, 9);
INSERT INTO seat (number, row_id) VALUES (19, 9);
INSERT INTO seat (number, row_id) VALUES (20, 9);
